<?xml version="1.0" encoding="UTF-8"?>
<project-private xmlns="http://www.netbeans.org/ns/project-private/1">
    <editor-bookmarks xmlns="http://www.netbeans.org/ns/editor-bookmarks/2" lastBookmarkId="0"/>
    <open-files xmlns="http://www.netbeans.org/ns/projectui-open-files/2">
        <group>
            <file>file:/C:/Users/reema/Desktop/JavaProject/JavaProject/src/CarRental/Car.java</file>
            <file>file:/C:/Users/reema/Desktop/JavaProject/JavaProject/src/CarRental/Economy.java</file>
            <file>file:/C:/Users/reema/Desktop/JavaProject/JavaProject/src/CarRental/Carsystem.java</file>
            <file>file:/C:/Users/reema/Desktop/JavaProject/JavaProject/src/CarRental/CarRental.java</file>
            <file>file:/C:/Users/reema/Desktop/JavaProject/JavaProject/src/CarRental/Customer.java</file>
            <file>file:/C:/Users/reema/Desktop/JavaProject/JavaProject/src/CarRental/Driver.java</file>
            <file>file:/C:/Users/reema/Desktop/JavaProject/JavaProject/src/CarRental/VIP.java</file>
            <file>file:/C:/Users/reema/Desktop/JavaProject/JavaProject/src/CarRental/Payable.java</file>
        </group>
    </open-files>
</project-private>
